Group,Maths,Physics,English,Economics,Biology
1,57,55,15,48,49
1,40,56,84,77,28
1,14,94,86,77,39
1,79,23,22,41,87
1,84,64,16,30,32
1,62,18,10,63,58
1,88,65,45,94,58
1,26,25,36,98,90
1,81,37,57,68,58
1,32,64,95,64,80
1,83,61,39,61,31
1,22,32,51,24,38
1,97,59,21,49,79
1,53,49,20,48,79
1,40,79,72,30,51
1,71,98,52,35,72
1,32,23,44,91,92
1,87,84,47,94,38
1,98,43,60,72,98
1,92,70,66,96,93
1,48,14,27,44,83
1,61,63,12,49,87
1,65,78,63,63,53
1,80,39,21,36,19
1,24,18,63,49,48
1,50,68,25,61,87
1,27,70,41,46,65
1,98,88,26,53,17
1,31,68,88,46,46
1,33,92,20,49,39
2,95,18,51,19,98
2,43,99,91,15,43
2,21,71,51,30,75
2,92,97,32,24,71
2,77,73,92,76,74
2,27,96,61,49,53
2,40,97,39,45,32
2,16,38,47,70,90
2,60,74,80,84,76
2,10,85,40,43,29
2,34,93,41,36,55
2,62,97,24,49,96
2,26,63,47,21,82
2,36,50,24,67,45
2,37,29,71,78,34
2,24,35,27,29,74
2,84,29,83,14,64
2,73,34,63,66,93
2,41,68,91,25,51
2,73,12,77,29,88
2,57,33,68,48,66
2,16,43,81,28,48
2,65,60,12,35,56
2,89,13,99,46,85
2,98,11,63,60,25
2,20,28,74,67,77
2,49,33,37,26,45
2,81,38,26,94,50
2,68,96,93,60,18
2,65,85,87,60,15
3,43,14,26,10,96
3,24,58,27,85,16
3,27,55,77,52,41
3,57,40,32,95,23
3,16,15,47,48,10
3,61,83,75,38,75
3,10,59,26,77,56
3,71,62,11,52,33
3,78,99,10,36,19
3,26,77,53,93,64
3,54,28,67,21,78
3,66,69,76,77,67
3,31,67,41,69,92
3,41,26,45,25,24
3,62,14,20,99,54
3,49,21,95,48,94
3,92,90,35,59,40
3,27,28,30,93,29
3,60,99,60,14,23
3,53,71,55,89,68
3,31,50,40,77,92
3,45,77,30,68,58
3,45,46,27,20,90
3,13,81,51,84,62
3,31,39,96,61,41
3,47,54,36,80,41
3,34,56,11,37,48
3,94,68,36,38,50
3,25,50,38,78,28
3,83,37,98,53,57
4,86,74,30,19,98
4,39,49,86,40,98
4,27,88,26,31,63
4,13,13,47,35,77
4,81,36,43,19,18
4,22,64,46,92,54
4,63,25,60,31,87
4,44,87,83,32,77
4,23,75,24,10,92
4,13,44,47,13,56
4,15,94,69,48,83
4,69,51,69,37,80
4,38,21,18,15,28
4,58,83,60,38,65
4,46,17,93,65,11
4,27,23,91,71,67
4,76,87,50,27,82
4,36,81,19,42,96
4,30,56,89,69,52
4,13,40,36,88,33
4,29,16,77,53,59
4,53,59,75,95,79
4,26,10,49,85,86
4,59,63,27,69,48
4,48,18,24,77,32
4,58,24,56,14,49
4,90,42,56,76,17
4,21,56,20,65,42
4,26,97,10,55,13
4,90,10,45,86,96
5,98,51,44,82,91
5,33,48,52,92,46
5,45,32,14,94,60
5,76,31,30,35,70
5,16,71,44,51,22
5,87,19,28,28,37
5,13,79,49,78,35
5,76,17,46,56,80
5,12,25,32,11,60
5,31,89,14,51,54
5,42,65,96,36,19
5,76,70,37,41,78
5,79,15,22,19,13
5,72,54,54,64,68
5,22,11,14,92,98
5,74,25,15,79,86
5,46,45,68,12,80
5,81,62,29,33,80
5,98,13,53,64,74
5,98,13,90,34,98
5,96,55,58,88,63
5,25,28,69,46,99
5,30,76,95,51,51
5,97,39,74,46,88
5,95,16,89,37,93
5,92,61,82,19,25
5,31,35,78,68,43
5,34,57,99,64,63
5,94,77,33,13,20
5,64,47,64,28,34
6,84,81,29,37,14
6,60,61,74,93,33
6,53,15,70,41,43
6,28,47,89,68,98
6,43,63,23,90,38
6,51,77,24,67,96
6,71,32,43,22,78
6,25,32,40,81,13
6,75,68,68,38,56
6,52,30,87,66,30
6,46,63,56,91,18
6,23,50,17,50,62
6,62,16,16,26,48
6,70,98,59,65,53
6,58,69,54,52,92
6,57,31,85,98,54
6,15,90,71,78,58
6,50,32,66,92,42
6,88,26,66,64,67
6,37,48,13,12,86
6,74,61,37,11,66
6,22,97,90,72,67
6,15,37,32,48,55
6,79,18,95,92,44
6,48,79,57,98,73
6,58,40,92,45,24
6,69,59,27,26,82
6,18,13,14,56,65
6,28,54,96,43,50
6,85,30,94,46,99
7,50,25,85,43,39
7,38,94,77,91,95
7,75,45,31,24,60
7,83,20,92,47,57
7,44,44,19,60,77
7,35,60,23,19,59
7,90,60,89,87,43
7,71,35,54,95,97
7,82,14,32,30,75
7,84,47,75,78,82
7,35,57,69,15,28
7,94,42,16,59,27
7,71,16,69,96,16
7,99,83,16,43,54
7,83,78,56,42,67
7,45,74,60,76,50
7,49,21,40,49,15
7,56,87,12,30,43
7,52,72,99,35,96
7,41,44,14,58,57
7,19,53,55,43,82
7,92,56,88,86,51
7,77,61,86,38,26
7,76,69,33,11,46
7,53,37,75,13,71
7,56,88,34,29,29
7,80,16,62,88,38
7,54,38,53,70,11
7,60,50,98,12,58
7,16,67,61,67,91
8,74,27,17,49,19
8,36,17,43,96,86
8,62,65,56,20,18
8,33,71,69,76,79
8,36,61,95,94,58
8,91,40,23,20,57
8,56,66,57,72,44
8,80,57,51,91,20
8,70,49,64,74,54
8,63,67,87,80,73
8,20,25,56,76,15
8,97,59,47,41,56
8,26,42,94,87,68
8,24,84,79,19,26
8,30,83,16,91,26
8,80,24,36,24,37
8,66,45,42,28,46
8,36,47,41,96,96
8,41,31,61,63,88
8,18,46,97,94,62
8,17,20,35,15,55
8,51,28,36,60,57
8,80,32,94,65,76
8,75,49,33,45,10
8,60,33,95,53,88
8,57,34,82,98,14
8,43,33,79,59,83
8,63,38,68,83,57
8,97,33,48,91,85
8,91,50,15,20,38
9,45,96,68,41,81
9,11,99,26,71,23
9,37,20,62,69,14
9,30,29,93,97,39
9,50,86,12,79,78
9,30,18,52,96,59
9,44,93,96,76,51
9,39,86,49,18,21
9,26,72,98,27,10
9,26,53,87,48,61
9,46,17,86,90,99
9,73,54,80,15,16
9,86,27,90,15,95
9,14,99,43,59,80
9,92,83,12,56,10
9,27,99,95,15,29
9,96,75,37,71,61
9,39,14,89,98,14
9,99,91,99,93,18
9,21,70,25,89,93
9,45,12,12,33,73
9,86,68,54,91,65
9,52,50,35,16,62
9,23,32,16,62,63
9,40,17,30,95,98
9,98,70,54,90,55
9,58,10,48,51,63
9,67,16,38,66,88
9,36,24,75,23,87
9,69,98,62,30,50
10,94,98,12,12,50
10,24,81,13,61,97
10,13,44,37,22,23
10,85,78,78,97,30
10,98,81,52,86,56
10,32,14,94,22,74
10,87,31,12,89,30
10,28,48,22,70,32
10,86,99,51,72,55
10,73,52,34,96,17
10,67,76,22,46,21
10,29,74,43,18,27
10,66,92,86,16,34
10,69,89,68,53,36
10,25,25,25,39,54
10,10,10,27,75,37
10,34,85,46,20,23
10,12,13,62,63,30
10,35,51,72,14,10
10,92,52,29,40,46
10,70,30,15,93,81
10,64,84,38,48,78
10,33,82,22,18,92
10,78,89,35,51,81
10,75,88,33,15,55
10,83,24,93,13,48
10,23,89,10,90,92
10,92,71,29,60,53
10,66,12,84,34,77
10,87,63,66,60,61
11,82,32,18,93,93
11,42,60,57,86,53
11,66,78,79,14,90
11,86,39,12,24,53
11,40,69,28,52,74
11,88,48,41,95,22
11,75,37,86,78,99
11,94,15,42,87,76
11,77,24,50,66,41
11,39,58,92,84,46
11,47,17,19,66,11
11,41,99,83,61,12
11,75,90,67,21,13
11,35,48,97,79,62
11,37,77,35,35,61
11,87,58,53,31,26
11,79,60,42,49,81
11,46,27,63,25,94
11,61,42,64,89,28
11,67,96,68,69,42
11,61,66,42,97,54
11,15,26,76,72,66
11,22,40,50,89,86
11,71,25,95,47,59
11,76,44,86,54,42
11,27,73,33,37,93
11,92,77,51,92,75
11,52,64,83,58,24
11,40,32,80,52,96
11,27,92,33,20,23
12,78,19,41,99,97
12,77,97,27,25,87
12,11,61,52,31,24
12,13,57,94,14,20
12,18,40,71,15,44
12,33,29,46,55,92
12,58,47,12,17,49
12,17,11,41,69,26
12,98,28,94,65,19
12,43,31,78,22,87
12,62,58,93,82,70
12,54,87,15,58,96
12,16,26,23,73,28
12,99,74,11,49,74
12,69,79,31,46,64
12,82,62,34,11,25
12,14,84,40,95,54
12,74,37,89,59,30
12,51,31,26,49,59
12,94,30,60,69,97
12,94,48,12,42,52
12,27,22,81,72,17
12,27,67,98,88,70
12,20,78,28,31,42
12,30,57,59,99,24
12,93,77,25,88,53
12,59,99,17,64,53
12,31,86,15,15,25
12,30,79,65,47,24
12,14,21,46,38,71
13,82,10,59,83,30
13,68,11,55,37,67
13,70,30,28,26,35
13,61,54,63,64,19
13,46,54,47,76,10
13,35,38,75,36,27
13,92,50,58,87,95
13,70,46,16,25,28
13,19,15,67,71,27
13,64,85,92,47,97
13,92,30,70,76,54
13,78,62,57,32,64
13,95,66,71,10,16
13,36,30,39,45,54
13,80,99,51,29,77
13,45,60,83,29,55
13,48,20,93,18,76
13,83,43,75,92,33
13,42,94,97,87,26
13,41,54,61,10,39
13,98,69,37,24,56
13,65,43,66,83,10
13,24,18,82,86,44
13,57,89,52,37,54
13,15,23,46,77,68
13,19,93,12,19,70
13,32,70,11,10,51
13,64,25,85,57,79
13,91,63,86,47,43
13,54,43,45,72,22
14,48,37,68,16,36
14,59,31,96,20,44
14,99,76,10,33,17
14,11,55,52,42,76
14,19,69,75,17,11
14,29,73,28,33,13
14,90,20,87,26,21
14,66,54,41,31,35
14,92,83,27,74,50
14,83,44,99,39,95
14,99,83,23,66,25
14,76,55,56,60,18
14,75,76,13,68,26
14,50,44,51,78,31
14,60,86,18,52,11
14,64,65,54,93,37
14,96,79,24,32,50
14,44,32,70,65,60
14,68,89,37,41,93
14,53,88,20,32,38
14,87,14,47,92,27
14,10,15,26,36,66
14,92,57,58,61,89
14,31,97,57,45,62
14,16,74,84,82,64
14,90,21,74,36,96
14,95,18,85,14,18
14,13,15,66,24,21
14,56,13,50,68,47
14,75,32,34,36,83
15,94,67,31,32,30
15,42,81,74,48,27
15,47,93,68,81,13
15,45,54,95,24,62
15,64,89,94,45,63
15,17,97,50,54,22
15,97,96,55,50,40
15,65,41,88,94,96
15,68,58,56,18,98
15,50,90,98,89,94
15,60,61,74,96,38
15,59,50,83,76,63
15,54,44,86,80,24
15,75,71,48,75,95
15,16,66,11,36,40
15,81,50,66,81,71
15,96,43,14,81,95
15,85,72,19,87,36
15,55,72,43,66,39
15,98,31,70,98,62
15,69,21,54,53,68
15,34,10,65,20,52
15,45,77,24,79,12
15,75,14,62,26,42
15,47,33,58,67,76
15,58,12,88,91,75
15,47,34,25,90,61
15,16,44,52,33,33
15,73,82,91,22,51
15,37,40,59,45,75
16,41,25,99,69,71
16,46,75,74,21,75
16,26,48,19,79,85
16,11,75,31,19,14
16,55,10,65,89,82
16,81,94,76,43,85
16,97,53,48,25,36
16,80,97,45,37,99
16,12,33,19,82,12
16,55,30,18,73,15
16,26,25,89,90,28
16,13,30,56,18,84
16,70,17,16,15,11
16,60,49,71,79,29
16,73,39,55,92,79
16,98,11,37,46,91
16,23,69,46,50,46
16,80,53,23,99,18
16,28,93,30,43,64
16,19,39,73,73,32
16,19,51,46,32,78
16,91,34,27,77,80
16,93,36,61,14,42
16,30,33,43,24,90
16,69,73,32,14,37
16,63,41,97,85,51
16,64,74,83,37,14
16,72,42,99,37,90
16,43,35,92,16,71
16,28,79,45,62,71
17,83,49,91,51,58
17,84,17,56,16,38
17,45,47,39,86,55
17,30,39,31,82,32
17,48,20,82,99,56
17,21,10,58,42,37
17,60,29,99,46,36
17,72,45,35,39,80
17,57,80,52,24,85
17,94,75,80,10,71
17,67,42,14,90,40
17,92,85,68,48,99
17,26,71,46,49,38
17,10,62,37,11,17
17,16,41,20,75,54
17,63,98,60,97,84
17,29,63,85,51,24
17,41,23,97,97,43
17,14,27,66,51,53
17,60,95,93,57,89
17,98,12,49,16,75
17,75,71,36,17,73
17,62,82,96,27,27
17,59,62,90,70,49
17,21,93,20,46,14
17,48,11,22,19,47
17,28,69,89,42,50
17,73,49,63,38,71
17,62,86,89,93,11
17,77,33,29,16,24
18,84,91,43,59,81
18,45,30,78,63,35
18,64,36,55,86,87
18,54,15,15,79,94
18,79,73,38,17,46
18,88,91,27,41,89
18,53,88,29,45,89
18,62,99,61,94,48
18,59,83,87,28,26
18,24,28,76,77,85
18,48,16,17,18,27
18,59,13,41,70,25
18,13,13,90,74,89
18,42,74,50,24,22
18,45,14,60,15,37
18,86,97,99,15,22
18,51,58,14,92,84
18,89,39,96,36,12
18,43,43,14,94,27
18,89,85,99,97,59
18,59,29,19,21,76
18,67,52,96,21,97
18,82,85,73,14,47
18,40,67,87,23,49
18,40,51,68,11,98
18,96,59,67,89,59
18,47,87,31,18,49
18,31,39,84,50,85
18,53,97,73,86,45
18,50,77,65,98,82
19,84,76,51,21,37
19,62,98,26,63,66
19,34,35,77,27,33
19,59,59,21,46,22
19,29,30,11,84,59
19,20,40,13,96,60
19,59,14,50,77,93
19,83,25,27,26,33
19,54,29,54,62,87
19,32,65,89,15,23
19,31,63,33,76,59
19,87,92,64,48,59
19,12,24,93,64,91
19,59,41,11,92,55
19,79,36,41,44,63
19,35,73,61,46,46
19,35,59,11,70,75
19,40,22,26,65,51
19,11,46,81,44,26
19,82,68,10,21,69
19,38,56,89,81,78
19,59,24,24,68,38
19,84,80,66,19,24
19,85,43,92,81,93
19,39,95,59,48,53
19,81,64,87,88,30
19,86,91,69,50,60
19,26,15,24,93,67
19,52,87,70,63,17
19,14,76,93,36,79
20,23,25,26,84,59
20,96,65,18,64,18
20,88,95,70,12,37
20,92,18,13,50,17
20,31,82,60,38,65
20,85,29,94,85,44
20,52,69,92,35,76
20,29,27,21,64,25
20,26,49,22,16,26
20,29,23,30,60,10
20,80,37,78,66,99
20,92,12,48,85,61
20,20,50,58,28,16
20,38,89,41,21,75
20,89,72,59,51,87
20,36,37,22,69,39
20,11,70,40,28,21
20,43,64,71,50,61
20,43,87,55,67,76
20,30,63,85,61,99
20,98,36,74,53,65
20,78,33,52,28,44
20,93,68,99,72,99
20,47,62,67,68,76
20,52,13,89,38,84
20,78,47,14,36,10
20,72,55,44,12,65
20,64,25,46,88,14
20,31,80,80,57,83
20,37,15,48,84,18
21,48,81,62,34,48
21,55,88,92,95,15
21,81,70,40,97,56
21,21,68,52,86,62
21,63,44,25,27,70
21,18,27,25,45,49
21,87,69,12,60,39
21,23,87,57,14,57
21,49,83,90,78,38
21,42,43,42,40,25
21,22,98,37,56,53
21,20,49,75,87,12
21,31,13,49,47,78
21,53,23,96,44,33
21,29,40,22,52,53
21,90,66,48,69,31
21,37,12,11,27,20
21,47,29,90,48,39
21,76,79,55,64,28
21,88,75,39,76,90
21,12,74,17,39,58
21,62,90,16,22,12
21,97,96,81,76,13
21,58,92,65,34,26
21,57,50,72,11,37
21,22,86,49,47,21
21,86,93,34,34,27
21,54,31,19,24,56
21,18,86,69,85,13
21,33,31,99,25,90
22,18,74,53,67,51
22,95,29,24,24,44
22,14,28,92,91,52
22,30,36,54,81,99
22,19,50,82,17,12
22,25,66,52,56,57
22,45,84,29,33,54
22,53,52,43,69,19
22,51,90,90,80,23
22,42,38,36,81,95
22,41,45,99,69,84
22,60,72,94,76,78
22,40,24,31,31,32
22,95,68,88,11,93
22,88,59,39,31,27
22,36,71,72,71,64
22,45,84,92,34,75
22,99,90,38,13,36
22,17,18,20,87,54
22,57,60,13,56,82
22,26,43,96,23,24
22,24,90,65,36,94
22,58,33,86,80,43
22,85,96,11,62,51
22,85,76,76,32,40
22,30,75,21,21,33
22,86,58,84,40,48
22,65,23,52,70,23
22,32,47,68,31,57
22,10,79,83,69,11
23,23,86,15,88,43
23,62,78,63,86,54
23,43,73,85,26,49
23,21,48,89,62,44
23,52,84,40,86,26
23,90,33,25,55,17
23,92,79,64,16,75
23,56,58,56,33,17
23,44,11,50,13,24
23,66,93,66,88,92
23,55,16,81,16,61
23,82,58,69,87,24
23,89,85,76,83,45
23,65,78,41,18,12
23,20,45,67,73,95
23,63,40,36,77,49
23,88,84,24,52,97
23,47,24,75,92,63
23,12,31,29,68,67
23,55,70,42,60,40
23,84,59,73,83,14
23,19,69,58,70,29
23,14,88,67,97,50
23,69,85,38,44,18
23,73,96,44,52,97
23,41,45,97,31,64
23,18,43,38,45,74
23,81,12,34,69,60
23,20,98,47,17,72
23,65,97,92,15,98
24,70,34,63,93,88
24,25,29,31,20,22
24,79,94,88,57,34
24,60,98,67,46,61
24,59,77,35,82,16
24,44,24,12,53,14
24,13,45,97,26,86
24,89,19,16,50,43
24,48,61,93,32,43
24,35,30,46,59,14
24,21,56,98,11,45
24,59,32,29,27,14
24,30,53,68,46,37
24,95,52,80,97,90
24,47,57,87,18,65
24,96,26,82,51,54
24,20,16,95,53,22
24,48,97,49,61,36
24,24,11,20,75,20
24,10,24,82,72,96
24,96,49,80,95,11
24,55,84,39,16,58
24,59,19,36,20,53
24,18,87,25,19,78
24,77,26,77,26,34
24,34,75,47,54,42
24,64,34,59,87,64
24,25,82,61,51,67
24,15,30,65,37,88
24,63,86,35,91,61
25,62,45,95,50,47
25,36,88,77,86,37
25,63,69,37,46,27
25,82,84,60,33,74
25,86,20,49,66,74
25,76,46,15,33,25
25,50,91,74,87,58
25,65,76,65,34,79
25,65,72,42,48,40
25,38,65,60,79,86
25,86,90,22,11,73
25,11,72,72,55,31
25,51,92,28,90,91
25,11,33,94,23,48
25,98,12,97,58,12
25,27,55,27,90,43
25,56,35,51,85,20
25,41,21,37,63,54
25,44,57,45,40,90
25,18,95,47,34,43
25,60,79,79,50,60
25,65,49,72,71,47
25,49,66,32,13,69
25,73,87,16,19,22
25,50,62,45,68,10
25,11,65,27,93,26
25,41,87,61,64,17
25,15,30,79,85,31
25,86,37,73,62,23
25,74,56,93,15,79
26,49,85,79,97,14
26,88,40,78,14,51
26,76,83,12,46,73
26,44,44,58,63,56
26,53,97,91,29,35
26,88,25,30,21,26
26,83,62,19,22,67
26,88,84,10,65,85
26,61,73,98,14,78
26,59,60,24,37,26
26,50,26,64,53,56
26,24,28,35,93,15
26,32,71,61,82,41
26,21,45,91,71,58
26,34,22,20,53,95
26,95,19,21,79,91
26,17,77,97,81,93
26,53,33,32,60,90
26,76,38,12,47,84
26,71,11,30,76,56
26,56,58,96,83,18
26,28,64,82,41,94
26,76,91,91,53,74
26,45,54,70,19,43
26,55,69,27,76,99
26,96,76,96,29,61
26,22,72,44,90,19
26,53,10,64,70,84
26,24,50,62,25,85
26,34,61,46,32,71
27,84,95,61,90,52
27,68,85,98,29,16
27,50,54,65,19,56
27,56,94,65,30,20
27,43,46,11,40,11
27,98,74,33,86,47
27,26,85,85,84,98
27,25,44,93,29,24
27,47,55,81,83,36
27,38,88,74,38,28
27,10,63,20,88,70
27,69,41,14,42,14
27,82,19,20,89,61
27,16,43,68,58,71
27,89,16,41,14,99
27,19,32,34,83,28
27,85,91,73,46,62
27,91,80,40,52,79
27,88,97,41,68,16
27,10,59,32,14,53
27,58,47,81,12,72
27,57,83,55,27,40
27,22,23,18,14,22
27,84,11,82,66,62
27,21,94,56,45,94
27,35,15,19,83,74
27,30,21,71,65,58
27,21,11,69,63,28
27,18,63,10,10,65
27,58,85,25,16,59
28,51,61,62,92,59
28,46,40,96,41,19
28,64,30,38,55,20
28,50,27,45,70,14
28,17,50,82,96,95
28,68,41,69,20,25
28,10,83,91,43,84
28,34,23,96,26,25
28,60,14,84,64,93
28,37,40,54,18,52
28,78,69,93,41,30
28,35,64,99,77,96
28,54,18,31,42,72
28,78,93,86,51,66
28,63,71,12,36,74
28,40,40,61,66,49
28,58,56,43,92,62
28,78,49,23,51,12
28,10,74,45,78,54
28,95,39,38,18,22
28,65,16,96,34,21
28,47,97,26,13,53
28,27,16,17,60,78
28,21,85,80,13,93
28,59,64,13,17,11
28,82,47,68,69,29
28,71,87,27,79,83
28,10,80,99,74,16
28,33,37,77,78,99
28,74,80,42,58,96
29,15,23,89,97,34
29,37,86,92,21,35
29,26,11,24,83,41
29,95,99,28,57,99
29,98,14,41,57,18
29,35,62,87,38,21
29,14,11,55,50,96
29,92,13,56,49,15
29,52,73,47,74,30
29,54,21,53,46,62
29,74,54,58,61,51
29,27,81,89,52,70
29,39,25,32,54,81
29,56,93,10,71,87
29,27,94,81,21,89
29,91,81,52,40,51
29,76,28,25,76,82
29,56,36,62,88,88
29,46,65,39,29,53
29,58,77,58,77,38
29,91,75,28,16,22
29,49,40,75,93,57
29,33,56,51,21,90
29,44,15,53,70,44
29,49,93,71,11,82
29,37,37,39,21,26
29,13,95,59,58,99
29,48,48,83,30,93
29,60,94,42,66,78
29,68,37,23,60,57
30,74,68,73,82,93
30,67,78,90,86,21
30,86,25,84,22,61
30,12,82,76,15,65
30,48,42,74,63,43
30,12,27,94,18,61
30,73,32,61,90,66
30,20,15,84,15,39
30,82,27,18,71,84
30,49,19,36,23,71
30,70,43,14,38,86
30,89,15,13,57,33
30,64,25,70,88,16
30,82,68,13,79,20
30,48,39,96,56,80
30,85,36,47,97,34
30,96,98,59,14,77
30,78,45,61,47,62
30,68,22,98,19,55
30,33,28,66,70,40
30,16,69,37,35,52
30,55,39,72,63,51
30,93,58,56,62,71
30,39,14,32,86,59
30,50,34,16,35,43
30,58,13,46,64,79
30,61,96,94,58,80
30,67,74,24,28,16
30,21,47,64,37,17
30,27,28,49,64,59
31,46,89,26,84,88
31,68,33,29,31,71
31,76,58,22,75,74
31,77,97,53,73,83
31,58,83,85,30,55
31,82,73,87,95,37
31,81,14,58,25,50
31,45,29,94,32,10
31,96,84,61,41,44
31,69,24,68,81,28
31,68,90,13,74,35
31,80,26,23,83,10
31,86,86,66,53,60
31,99,97,10,81,13
31,49,46,90,41,93
31,15,14,61,29,49
31,90,98,44,19,43
31,99,33,74,25,39
31,96,47,85,90,81
31,45,28,18,64,73
31,77,49,86,50,96
31,59,23,27,61,33
31,21,18,27,79,71
31,67,20,89,56,10
31,81,85,67,72,38
31,92,54,75,65,82
31,74,76,66,86,93
31,98,10,14,64,16
31,73,51,26,25,78
31,57,14,17,47,20
32,41,49,88,55,97
32,13,35,38,18,94
32,42,76,43,13,27
32,58,77,63,88,99
32,87,49,68,93,38
32,45,93,77,37,38
32,25,96,15,36,82
32,12,13,55,63,96
32,20,15,56,36,39
32,17,41,75,98,55
32,83,68,48,25,43
32,60,26,89,48,84
32,87,53,57,60,22
32,38,53,16,18,20
32,99,56,67,19,97
32,24,49,10,89,19
32,27,36,43,63,93
32,20,62,91,90,66
32,17,20,69,39,65
32,28,30,45,19,92
32,11,64,27,99,90
32,91,93,77,20,36
32,11,87,22,65,77
32,20,69,88,51,49
32,40,99,29,25,21
32,66,37,15,41,70
32,91,51,80,43,21
32,55,45,11,85,69
32,31,73,48,60,98
32,68,36,59,15,88
33,78,30,58,42,93
33,58,52,16,74,55
33,19,49,30,68,99
33,30,92,57,52,26
33,10,57,84,82,21
33,56,22,68,91,64
33,35,17,53,28,84
33,54,23,87,54,59
33,16,53,41,30,84
33,41,37,18,27,51
33,89,50,24,11,70
33,38,28,80,22,72
33,31,56,64,81,33
33,14,77,15,74,41
33,67,39,32,51,57
33,56,36,86,43,72
33,65,81,67,36,44
33,75,81,81,15,76
33,28,75,71,83,19
33,81,14,10,44,22
33,76,28,43,50,82
33,80,97,57,92,30
33,56,79,62,39,84
33,40,40,37,18,64
33,50,39,35,99,12
33,95,26,23,57,28
33,26,23,64,88,36
33,36,28,76,64,40
33,22,41,77,80,40
33,34,37,23,49,19
34,16,96,47,31,64
34,88,69,96,30,34
34,90,67,51,73,43
34,79,52,27,83,19
34,94,14,19,71,21
34,42,80,59,77,58
34,80,15,56,47,29
34,61,20,46,97,42
34,49,79,61,59,32
34,92,71,91,27,43
34,28,61,26,55,48
34,91,44,69,65,64
34,84,71,91,75,66
34,77,99,12,96,85
34,62,65,14,51,62
34,95,38,34,30,56
34,63,29,38,82,70
34,79,59,80,76,23
34,93,56,36,13,71
34,51,44,27,26,27
34,27,85,49,17,26
34,83,28,49,30,60
34,34,63,37,18,22
34,47,16,32,77,57
34,32,59,75,71,13
34,11,85,95,65,80
34,32,30,75,11,93
34,62,92,77,58,77
34,28,76,93,35,88
34,45,63,67,14,17
35,88,53,58,31,41
35,94,88,60,97,86
35,41,50,79,42,74
35,96,46,82,94,37
35,34,61,59,99,43
35,85,55,75,40,18
35,25,93,61,91,77
35,73,56,75,39,91
35,87,22,56,74,63
35,34,38,81,37,68
35,79,52,38,62,42
35,58,36,23,95,98
35,38,35,74,29,95
35,17,23,94,11,25
35,21,48,25,69,68
35,55,84,29,49,90
35,92,84,77,85,28
35,35,50,37,90,16
35,69,10,96,39,84
35,27,85,16,63,88
35,29,94,73,15,77
35,68,63,93,85,84
35,63,40,15,88,97
35,49,66,32,23,21
35,73,56,35,73,55
35,99,29,70,25,45
35,54,86,34,27,77
35,46,55,74,50,46
35,83,17,61,58,13
35,64,33,15,51,25
36,43,49,73,20,32
36,56,97,18,44,53
36,79,90,68,98,62
36,83,90,86,21,28
36,26,42,19,69,53
36,76,26,55,40,34
36,17,70,95,94,22
36,19,90,25,94,68
36,24,13,80,97,97
36,28,29,92,88,55
36,26,71,23,61,92
36,64,81,54,49,19
36,18,15,96,26,89
36,97,98,22,73,94
36,16,98,93,26,38
36,12,55,10,78,78
36,69,28,72,37,94
36,32,14,66,69,78
36,26,21,18,81,98
36,17,84,24,80,53
36,31,17,19,69,19
36,23,54,23,98,94
36,91,54,25,25,83
36,27,96,70,49,64
36,23,58,90,60,87
36,64,11,54,61,19
36,74,32,28,85,23
36,64,68,30,92,15
36,33,79,63,83,45
36,80,83,49,76,54
37,68,67,88,43,95
37,34,72,94,19,10
37,91,45,44,54,22
37,17,72,17,56,49
37,67,82,75,28,35
37,18,73,12,63,70
37,39,12,48,36,46
37,40,79,26,20,57
37,48,89,11,73,68
37,71,43,98,99,93
37,93,68,20,49,43
37,33,61,52,79,11
37,30,17,67,97,61
37,17,41,74,53,10
37,87,39,69,43,59
37,28,44,72,75,24
37,25,54,50,22,38
37,21,69,87,29,82
37,44,91,90,25,37
37,53,23,41,22,22
37,78,28,17,25,54
37,59,40,46,59,14
37,78,79,50,26,71
37,31,33,30,66,29
37,96,68,25,79,25
37,57,56,97,97,59
37,69,37,15,91,15
37,12,93,16,48,11
37,16,82,75,37,78
37,19,62,83,43,16
38,67,81,47,66,68
38,17,70,15,31,95
38,33,97,70,54,37
38,59,58,30,13,15
38,77,97,49,91,72
38,79,44,64,67,40
38,44,17,25,19,21
38,69,66,79,56,19
38,96,33,41,65,47
38,60,27,61,92,12
38,44,59,16,97,80
38,35,96,37,80,93
38,47,78,96,23,10
38,86,56,32,38,87
38,95,80,89,51,62
38,25,37,68,32,16
38,77,68,16,38,52
38,88,11,31,99,74
38,93,85,92,20,95
38,52,86,54,70,59
38,52,18,18,60,92
38,88,37,86,78,70
38,29,87,89,62,56
38,53,96,87,41,40
38,21,16,48,51,21
38,44,72,48,52,13
38,87,58,81,60,63
38,48,81,84,65,33
38,55,67,49,17,64
38,97,33,72,69,17
39,32,91,91,43,40
39,75,24,22,59,44
39,74,59,97,73,73
39,42,84,62,74,55
39,97,79,89,51,44
39,37,89,92,54,66
39,48,11,98,24,11
39,83,71,21,57,71
39,11,55,83,12,27
39,82,74,73,24,36
39,50,25,20,21,49
39,72,88,25,59,75
39,10,22,20,49,83
39,41,93,82,46,83
39,84,51,27,19,54
39,98,18,70,58,94
39,69,75,11,36,16
39,90,13,96,24,46
39,34,61,10,78,37
39,88,58,55,97,99
39,94,44,37,39,17
39,52,30,85,12,33
39,10,91,45,42,37
39,49,31,63,57,22
39,42,19,48,65,91
39,39,84,31,86,21
39,65,58,66,67,67
39,80,91,27,77,85
39,38,67,37,80,46
39,30,47,18,29,69
40,35,51,46,86,64
40,27,30,76,15,35
40,87,65,16,96,28
40,48,15,63,67,51
40,69,44,88,66,44
40,90,85,29,45,41
40,10,43,32,79,44
40,36,98,90,21,91
40,26,76,25,98,41
40,53,80,72,20,88
40,92,97,81,79,14
40,64,11,56,11,75
40,90,15,70,49,92
40,98,32,71,80,80
40,81,61,65,45,59
40,73,97,17,93,18
40,96,37,36,52,36
40,78,15,62,92,34
40,95,41,86,15,42
40,75,44,52,64,25
40,83,50,27,15,50
40,94,50,90,83,18
40,87,38,88,70,97
40,30,99,91,48,28
40,82,24,60,49,19
40,27,87,36,52,90
40,92,80,98,82,50
40,25,46,21,26,80
40,61,16,58,80,21
40,58,64,43,87,64
41,77,32,34,35,94
41,90,14,27,66,31
41,92,12,44,19,38
41,90,30,63,17,23
41,53,71,83,72,69
41,11,36,65,60,41
41,69,96,27,96,56
41,26,39,36,64,88
41,79,21,15,97,92
41,58,50,16,77,67
41,61,76,41,56,80
41,31,87,18,41,76
41,76,42,70,38,57
41,22,14,47,46,73
41,22,69,94,72,45
41,67,46,73,46,43
41,28,66,70,78,89
41,76,83,86,88,21
41,37,74,23,24,94
41,93,87,14,27,18
41,32,79,66,99,99
41,16,28,11,80,91
41,48,85,77,44,47
41,69,46,28,65,69
41,31,61,65,43,33
41,81,55,69,56,87
41,86,72,62,45,13
41,76,86,16,85,20
41,28,92,52,31,84
41,94,60,31,34,17
42,15,75,13,28,94
42,76,60,31,63,40
42,99,55,34,95,77
42,16,61,36,28,57
42,26,69,32,76,97
42,68,69,93,41,43
42,12,39,99,59,84
42,29,50,10,18,45
42,73,17,78,74,38
42,59,28,18,48,25
42,64,88,60,36,11
42,26,83,47,14,47
42,43,62,62,45,52
42,81,21,37,44,83
42,77,21,41,76,98
42,29,90,16,90,30
42,95,44,19,92,14
42,22,41,33,84,86
42,41,99,59,73,95
42,44,40,91,22,81
42,72,83,14,97,29
42,16,36,38,21,37
42,31,35,40,57,34
42,77,16,74,88,27
42,65,90,44,17,62
42,89,14,80,72,24
42,59,27,66,77,71
42,98,27,26,11,71
42,44,25,97,67,68
42,99,86,50,65,48
43,24,96,97,33,29
43,90,60,55,94,56
43,73,47,96,71,53
43,30,78,78,40,60
43,55,72,74,95,57
43,26,90,63,51,19
43,16,70,29,42,49
43,21,16,80,18,51
43,47,89,44,29,38
43,19,64,50,75,20
43,56,36,87,56,14
43,78,29,93,36,93
43,13,91,27,84,64
43,47,74,59,18,57
43,99,89,28,23,49
43,15,98,68,65,90
43,50,21,95,77,67
43,64,86,52,17,43
43,75,69,35,16,77
43,66,31,47,54,33
43,64,51,18,95,64
43,51,77,58,44,77
43,88,47,10,38,11
43,50,60,34,43,19
43,40,59,64,80,11
43,98,68,63,59,20
43,73,49,65,90,50
43,81,26,47,82,98
43,27,30,63,14,23
43,48,89,32,32,95
44,41,64,89,71,40
44,32,18,59,74,91
44,29,26,68,62,73
44,23,10,44,87,37
44,68,78,22,90,54
44,14,40,86,94,76
44,69,50,25,52,60
44,28,74,60,34,35
44,67,85,73,25,50
44,23,10,28,47,72
44,73,57,93,89,87
44,73,67,32,56,27
44,43,56,24,32,95
44,40,61,88,72,27
44,84,53,24,73,89
44,72,13,74,66,17
44,94,93,62,50,20
44,38,18,99,14,71
44,37,77,81,27,34
44,87,46,49,16,61
44,47,78,14,25,38
44,26,69,45,13,77
44,89,72,36,96,97
44,54,87,13,55,70
44,93,66,10,77,92
44,16,92,10,25,74
44,71,92,80,78,29
44,94,38,88,13,93
44,75,28,28,45,97
44,71,79,42,39,62
45,80,54,44,94,63
45,88,56,80,55,52
45,10,87,41,36,90
45,32,34,82,86,24
45,20,34,19,93,79
45,32,34,18,69,54
45,44,53,35,78,30
45,98,40,64,91,64
45,78,95,68,73,27
45,33,67,49,15,29
45,24,87,43,72,17
45,23,32,49,47,88
45,79,56,77,89,87
45,40,80,15,78,69
45,90,81,26,78,55
45,83,79,80,16,25
45,72,49,87,45,35
45,73,61,76,55,61
45,44,90,80,99,67
45,81,91,54,20,34
45,70,85,76,45,80
45,46,73,36,42,64
45,67,56,18,62,13
45,47,26,58,79,84
45,93,13,76,47,14
45,21,24,35,27,45
45,54,80,49,29,76
45,75,91,67,19,14
45,96,90,32,44,27
45,37,82,37,14,74
46,41,58,35,61,93
46,73,34,49,24,52
46,47,73,86,96,88
46,53,85,88,89,51
46,68,49,47,55,55
46,96,67,43,11,12
46,92,71,42,76,38
46,67,23,44,35,80
46,47,21,75,97,21
46,42,16,69,36,40
46,90,92,36,82,75
46,12,13,53,79,42
46,99,65,80,79,49
46,15,24,33,69,77
46,36,37,65,76,33
46,66,67,66,38,96
46,87,88,70,34,92
46,96,66,53,16,62
46,48,76,15,57,70
46,94,77,14,67,11
46,40,90,78,43,42
46,89,70,17,65,87
46,94,52,31,23,21
46,28,58,61,23,72
46,12,19,56,43,25
46,26,74,95,13,81
46,11,84,97,91,12
46,54,59,83,52,96
46,94,83,93,24,11
46,51,60,79,60,91
47,21,86,23,56,91
47,95,27,10,20,37
47,95,45,42,89,32
47,17,23,50,46,20
47,62,75,11,58,27
47,96,55,40,23,61
47,36,40,58,29,88
47,57,68,72,97,57
47,42,48,19,42,45
47,21,47,67,87,58
47,55,38,88,54,87
47,17,23,87,45,52
47,83,96,47,60,76
47,94,54,66,14,16
47,36,61,74,96,15
47,38,85,92,92,54
47,40,94,51,76,97
47,23,17,74,48,95
47,89,78,30,53,31
47,84,24,76,29,77
47,70,27,75,41,59
47,45,99,90,51,31
47,63,32,60,77,51
47,45,59,33,29,70
47,40,16,69,73,59
47,10,79,85,62,56
47,42,47,35,72,83
47,46,97,69,55,19
47,89,15,30,19,20
47,77,29,22,55,69
48,80,57,67,58,39
48,41,42,38,55,20
48,41,36,56,79,79
48,62,80,22,83,80
48,67,83,94,47,81
48,33,27,37,99,82
48,87,93,89,26,71
48,51,11,42,88,41
48,73,66,17,75,99
48,62,97,19,50,14
48,39,17,81,81,54
48,14,46,46,82,75
48,44,52,27,14,29
48,38,92,83,50,70
48,25,73,28,29,21
48,89,34,90,18,80
48,79,27,94,79,94
48,32,13,66,49,12
48,88,26,96,70,50
48,23,12,15,22,12
48,72,41,13,22,86
48,28,62,19,61,44
48,61,14,25,80,70
48,24,81,78,77,96
48,61,78,57,93,71
48,13,62,91,55,63
48,35,99,26,21,28
48,85,71,19,12,64
48,53,24,76,16,46
48,92,29,17,92,46
49,78,74,82,93,23
49,94,66,79,68,23
49,53,38,85,54,88
49,67,40,92,13,52
49,43,14,12,32,88
49,57,89,84,74,95
49,75,69,70,39,56
49,34,81,60,91,59
49,98,91,73,86,34
49,91,34,64,79,24
49,53,27,78,47,35
49,28,93,38,88,57
49,44,14,94,54,26
49,75,77,75,94,41
49,63,45,12,79,14
49,28,22,11,39,58
49,30,67,65,54,11
49,46,15,13,27,75
49,52,81,82,92,25
49,53,57,92,58,13
49,13,84,55,68,30
49,52,90,48,98,99
49,23,49,27,59,62
49,30,34,84,95,22
49,33,41,84,69,93
49,19,39,72,91,53
49,83,46,52,59,75
49,56,76,83,77,87
49,47,42,59,54,26
49,60,65,55,49,15
50,71,34,26,89,75
50,82,96,78,47,97
50,26,99,61,14,53
50,49,57,13,17,18
50,84,40,56,95,51
50,72,31,49,66,75
50,77,38,87,67,48
50,45,47,64,59,54
50,71,73,16,16,59
50,91,41,69,55,35
50,83,86,36,81,56
50,76,51,21,94,24
50,86,58,21,61,54
50,28,80,29,96,25
50,55,82,81,67,16
50,73,38,14,32,68
50,73,92,62,21,28
50,58,47,33,15,77
50,68,65,40,28,41
50,76,64,95,45,73
50,91,66,87,83,57
50,84,51,37,57,28
50,87,85,34,92,63
50,72,82,85,97,18
50,61,83,25,98,43
50,83,50,52,24,33
50,35,27,58,23,51
50,10,70,46,97,12
50,44,21,84,85,18
50,24,23,26,24,28
51,91,27,94,41,88
51,65,72,74,96,10
51,50,37,91,39,53
51,93,96,70,84,66
51,25,86,49,11,21
51,36,42,30,67,53
51,72,29,36,15,29
51,61,15,98,97,63
51,70,36,20,42,33
51,22,13,97,93,78
51,46,96,99,60,20
51,55,87,43,19,57
51,72,81,88,31,81
51,95,73,23,77,80
51,31,82,89,72,39
51,16,32,49,15,15
51,80,70,90,13,35
51,93,37,84,29,69
51,96,74,79,49,61
51,18,45,71,51,22
51,38,93,34,45,55
51,66,99,87,18,77
51,77,22,53,52,38
51,10,93,63,36,77
51,90,50,44,17,40
51,84,73,42,59,45
51,65,82,53,48,63
51,29,77,58,83,69
51,79,37,64,87,82
51,46,76,44,15,49
52,42,36,26,65,40
52,53,44,32,52,58
52,48,42,70,24,77
52,30,68,31,87,40
52,91,97,15,94,85
52,37,18,39,68,22
52,14,65,94,46,16
52,69,42,70,47,38
52,70,98,71,26,95
52,71,63,73,82,50
52,52,82,90,78,67
52,27,14,39,12,48
52,32,54,13,21,78
52,82,52,47,45,64
52,62,70,37,25,88
52,62,53,31,64,95
52,98,72,49,32,45
52,54,62,29,92,97
52,58,18,66,80,93
52,76,26,55,53,29
52,45,72,98,85,59
52,96,97,51,67,42
52,64,27,24,52,74
52,98,34,90,89,71
52,27,23,68,53,37
52,23,39,39,41,70
52,23,78,44,46,20
52,41,91,82,74,86
52,79,63,89,15,49
52,90,24,58,72,17
53,51,66,85,78,99
53,60,52,31,94,11
53,54,46,53,70,96
53,58,42,88,24,40
53,42,64,93,45,74
53,34,91,93,17,99
53,34,87,79,23,38
53,23,30,51,34,11
53,86,69,80,13,57
53,59,89,28,57,61
53,79,76,93,24,88
53,49,47,75,88,21
53,45,57,14,33,61
53,47,12,45,71,20
53,69,66,14,78,57
53,14,45,81,72,13
53,86,99,94,61,80
53,55,20,61,50,80
53,36,14,75,54,30
53,65,32,29,42,26
53,48,23,17,70,58
53,50,66,33,77,49
53,36,70,47,28,45
53,94,85,21,37,72
53,24,49,98,33,44
53,26,30,30,87,11
53,14,99,17,40,94
53,77,23,94,19,51
53,93,50,83,44,41
53,19,26,47,31,97
54,85,42,97,20,47
54,29,46,66,42,33
54,98,48,17,21,31
54,28,56,66,59,92
54,38,46,43,25,85
54,88,29,64,37,36
54,20,77,43,22,38
54,83,96,71,42,62
54,28,83,11,61,52
54,51,10,59,22,89
54,74,90,50,45,20
54,78,76,53,72,10
54,27,33,82,46,64
54,16,33,56,37,92
54,45,63,94,40,48
54,41,47,47,17,66
54,58,77,44,21,43
54,16,73,45,61,31
54,26,29,75,46,68
54,44,61,49,69,42
54,31,94,11,56,73
54,95,84,91,95,52
54,46,10,22,41,12
54,14,90,30,96,55
54,30,86,84,80,88
54,92,83,45,24,70
54,67,17,15,60,28
54,43,23,15,83,37
54,17,53,50,57,86
54,69,48,25,48,99
55,44,20,74,51,38
55,42,73,40,37,19
55,58,80,36,40,95
55,57,53,68,46,76
55,11,63,16,56,10
55,74,42,44,49,34
55,40,81,57,59,88
55,57,55,89,10,92
55,59,51,16,79,28
55,71,66,22,98,35
55,68,14,15,66,57
55,25,76,97,20,73
55,37,44,37,68,68
55,38,65,66,67,43
55,15,84,44,85,91
55,75,54,61,26,76
55,52,55,96,98,18
55,80,21,15,86,11
55,51,31,56,89,96
55,40,14,88,72,97
55,21,32,53,99,51
55,95,99,80,83,95
55,74,97,15,64,87
55,19,28,79,61,97
55,99,46,18,13,38
55,15,60,25,17,35
55,31,90,69,27,37
55,31,38,47,60,53
55,26,21,53,83,42
55,72,70,45,99,14
56,10,33,52,28,72
56,76,81,20,94,59
56,26,54,10,98,70
56,54,58,21,18,38
56,15,30,71,91,57
56,91,88,65,59,66
56,96,55,77,62,34
56,77,43,21,49,55
56,50,74,98,50,60
56,69,67,90,10,32
56,47,26,47,95,46
56,54,16,63,80,48
56,28,51,23,20,32
56,12,45,62,59,43
56,63,61,94,97,30
56,25,91,65,76,24
56,93,82,12,37,54
56,49,72,83,29,86
56,99,20,49,25,39
56,16,42,99,78,90
56,31,85,65,83,35
56,18,70,25,17,31
56,18,80,15,83,12
56,71,84,65,39,58
56,24,36,81,71,49
56,51,60,90,95,16
56,97,29,93,41,12
56,66,80,11,50,65
56,12,28,60,88,23
56,79,12,38,39,68
57,82,40,92,74,27
57,21,42,73,49,22
57,32,98,83,30,62
57,78,54,70,49,80
57,56,44,52,94,79
57,90,23,85,88,29
57,35,12,36,86,29
57,65,25,71,50,51
57,42,87,92,21,19
57,65,47,56,98,46
57,48,65,14,35,39
57,97,88,64,56,50
57,15,73,72,76,73
57,12,66,93,83,60
57,84,43,45,94,49
57,47,84,31,64,27
57,95,46,72,56,87
57,48,96,34,89,76
57,17,74,62,29,95
57,54,94,28,98,61
57,75,29,55,12,63
57,14,57,48,79,22
57,26,78,59,81,61
57,90,21,55,85,67
57,43,75,37,10,62
57,26,95,66,24,31
57,36,64,46,57,61
57,13,21,41,84,53
57,49,15,58,82,15
57,18,32,21,66,41
58,47,91,98,76,12
58,14,67,55,14,95
58,22,68,47,70,50
58,65,70,48,48,79
58,67,87,54,37,20
58,94,14,45,53,20
58,40,27,28,28,80
58,66,22,98,80,24
58,96,41,64,34,58
58,19,82,64,60,41
58,90,28,62,23,57
58,68,47,15,89,55
58,19,88,63,54,33
58,61,18,50,63,85
58,23,33,95,69,91
58,24,84,93,83,32
58,62,44,63,97,33
58,71,44,72,34,98
58,22,20,88,66,94
58,49,66,41,84,31
58,32,99,51,93,21
58,74,20,26,41,10
58,69,71,83,29,97
58,87,96,43,65,25
58,62,43,40,83,90
58,99,60,19,12,80
58,54,49,50,13,84
58,56,60,96,31,59
58,62,80,23,77,32
58,95,72,48,84,33
59,54,98,43,52,10
59,41,45,68,68,27
59,71,11,29,18,53
59,34,81,79,12,67
59,33,68,31,36,90
59,23,68,18,46,34
59,20,47,56,53,57
59,30,49,47,18,13
59,81,24,33,16,60
59,28,49,72,71,23
59,36,48,16,40,72
59,60,13,57,25,78
59,62,72,57,49,75
59,89,76,92,37,91
59,69,21,24,27,30
59,98,33,75,42,92
59,73,48,92,73,46
59,78,95,70,23,25
59,63,74,37,91,14
59,51,64,82,84,94
59,45,22,91,99,44
59,86,85,18,40,45
59,24,97,44,36,97
59,64,74,23,10,96
59,51,33,87,49,25
59,71,50,72,93,14
59,95,14,56,31,66
59,28,99,39,83,44
59,85,85,87,90,22
59,44,33,78,62,21
60,76,75,25,64,66
60,59,63,34,88,26
60,98,90,56,87,47
60,67,55,57,12,51
60,86,67,76,11,97
60,68,32,73,61,96
60,63,21,81,20,47
60,67,88,51,13,76
60,51,63,49,13,55
60,89,66,26,60,90
60,59,55,19,89,59
60,60,78,57,39,99
60,32,20,73,44,20
60,24,18,39,52,96
60,88,43,26,22,71
60,90,59,38,22,69
60,64,83,29,89,99
60,79,18,47,72,25
60,61,62,79,67,32
60,15,91,21,85,11
60,99,29,58,49,10
60,13,76,77,50,63
60,22,74,16,36,15
60,54,53,44,75,33
60,77,77,49,90,54
60,46,78,53,28,58
60,17,81,37,88,32
60,69,81,99,90,49
60,76,48,99,77,59
60,89,58,18,11,61
61,43,60,62,57,34
61,34,59,13,37,50
61,94,31,27,38,86
61,15,41,13,84,83
61,98,11,85,93,20
61,84,17,55,60,22
61,66,85,34,21,45
61,36,56,22,27,55
61,24,71,34,73,57
61,10,34,20,65,80
61,76,24,73,84,69
61,35,43,19,63,40
61,55,89,49,35,28
61,55,94,93,43,98
61,78,82,68,42,35
61,41,34,66,95,79
61,88,40,66,94,69
61,65,34,52,43,77
61,51,30,79,32,44
61,16,27,49,75,88
61,42,84,81,40,61
61,43,53,22,81,38
61,40,74,29,80,93
61,81,72,74,13,98
61,67,82,86,40,19
61,19,50,45,19,37
61,46,76,40,59,46
61,25,64,26,76,87
61,52,97,96,57,77
61,21,81,55,12,15
62,46,46,90,84,53
62,25,31,28,58,70
62,60,87,44,49,15
62,35,81,10,62,97
62,67,56,63,13,71
62,94,44,71,43,20
62,20,93,88,99,97
62,38,71,10,95,29
62,28,20,34,59,18
62,15,74,75,78,57
62,19,33,81,95,83
62,57,85,48,67,59
62,96,78,34,65,68
62,28,92,17,21,40
62,39,44,64,28,33
62,35,99,37,92,86
62,70,49,73,31,65
62,74,88,58,23,60
62,57,62,74,13,57
62,47,38,72,44,45
62,43,83,42,82,38
62,28,83,57,20,90
62,11,44,92,29,82
62,57,48,23,70,56
62,22,56,75,80,96
62,88,49,17,35,89
62,18,94,90,81,20
62,86,46,62,83,60
62,99,36,85,10,38
62,33,24,12,24,89
63,41,72,79,15,72
63,57,92,37,68,75
63,18,48,31,64,92
63,87,19,39,27,20
63,45,88,67,56,71
63,66,83,85,89,37
63,27,16,11,86,81
63,37,16,86,17,23
63,91,53,80,68,94
63,29,17,11,64,91
63,95,32,11,82,91
63,32,84,79,70,70
63,63,38,50,48,90
63,36,98,65,42,34
63,15,52,68,98,85
63,70,21,74,31,14
63,51,51,63,69,17
63,16,14,17,19,54
63,41,87,55,33,32
63,81,74,77,86,52
63,86,60,88,91,74
63,76,11,92,31,20
63,38,44,51,74,40
63,12,98,37,97,71
63,37,78,39,18,69
63,42,78,33,38,11
63,47,67,29,70,26
63,51,41,20,44,16
63,67,42,33,99,98
63,28,68,65,86,46
64,71,74,48,47,63
64,66,64,63,75,55
64,73,72,75,74,43
64,95,30,31,39,17
64,78,53,18,40,99
64,26,26,55,86,98
64,61,63,91,58,62
64,69,29,31,94,26
64,91,85,26,65,56
64,86,25,30,79,19
64,37,47,61,54,98
64,90,83,77,43,94
64,54,45,14,52,30
64,67,39,45,40,54
64,68,50,98,18,83
64,96,87,33,35,30
64,67,82,72,38,57
64,86,47,59,42,59
64,70,33,92,34,46
64,82,10,46,37,99
64,18,53,63,14,13
64,93,59,21,74,25
64,69,65,39,79,69
64,26,14,64,98,10
64,19,32,28,97,63
64,10,62,72,69,53
64,76,69,59,17,99
64,61,71,28,82,96
64,35,31,67,27,52
64,17,65,29,82,46
65,42,48,70,33,43
65,53,93,21,31,66
65,97,35,79,40,38
65,73,24,22,54,41
65,41,44,16,36,13
65,36,51,90,75,15
65,22,44,58,71,17
65,54,97,98,12,18
65,69,49,84,73,66
65,22,54,71,24,35
65,26,40,81,71,74
65,75,46,65,54,98
65,33,94,82,48,39
65,24,89,77,11,23
65,99,79,86,11,10
65,98,99,76,38,24
65,13,88,94,32,11
65,25,35,85,45,74
65,33,33,95,76,80
65,55,58,23,69,24
65,80,11,58,91,46
65,86,18,17,48,68
65,78,45,47,20,49
65,63,97,29,16,99
65,90,41,14,22,60
65,53,38,78,39,64
65,54,46,43,45,40
65,37,32,37,15,39
65,28,91,93,81,19
65,93,86,44,17,37
66,81,40,66,72,79
66,52,57,15,57,33
66,61,66,22,30,65
66,77,22,64,40,31
66,24,90,37,81,95
66,74,40,31,73,34
66,61,50,67,81,89
66,82,34,80,61,16
66,35,89,91,26,73
66,80,49,41,19,42
66,29,70,21,21,44
66,71,20,29,16,94
66,68,51,50,83,30
66,71,83,44,12,52
66,15,79,42,30,99
66,81,82,63,95,99
66,40,38,42,32,22
66,54,88,45,28,66
66,22,97,27,95,23
66,69,90,75,34,14
66,42,91,91,90,11
66,94,52,46,90,86
66,11,43,21,34,84
66,67,84,12,94,11
66,18,77,34,15,79
66,34,51,62,57,46
66,73,30,87,85,65
66,72,79,64,41,12
66,64,82,32,73,30
66,57,18,99,52,56
67,33,73,63,79,17
67,56,79,42,46,39
67,94,11,55,43,83
67,29,80,12,85,41
67,12,44,34,69,73
67,98,72,81,95,30
67,46,62,40,58,78
67,40,75,19,74,75
67,74,72,52,72,36
67,62,35,47,53,70
67,42,27,51,42,81
67,97,40,56,16,68
67,28,66,23,78,94
67,72,90,72,69,49
67,13,80,58,84,60
67,52,35,71,27,57
67,49,24,46,69,35
67,79,40,17,72,77
67,55,87,22,74,93
67,47,44,17,97,16
67,20,46,23,30,78
67,33,32,18,33,15
67,97,34,32,80,75
67,75,73,62,54,81
67,82,14,87,65,14
67,54,35,51,31,89
67,12,51,95,47,70
67,84,86,45,36,97
67,82,44,24,17,22
67,97,31,50,18,75
68,41,82,52,37,27
68,55,33,62,21,52
68,89,54,82,82,71
68,16,56,30,78,62
68,36,50,66,36,25
68,83,72,18,71,13
68,98,64,78,18,91
68,32,38,28,78,75
68,97,70,87,29,27
68,29,41,78,85,33
68,51,43,41,41,45
68,90,97,38,33,23
68,85,31,42,49,60
68,56,38,76,31,25
68,79,56,43,83,46
68,85,12,47,19,91
68,70,89,11,28,46
68,86,21,43,92,98
68,92,58,47,37,20
68,68,71,52,45,66
68,38,82,87,23,40
68,68,13,96,34,93
68,95,78,13,95,61
68,76,64,35,18,23
68,42,31,20,68,70
68,94,20,38,16,27
68,99,25,42,99,33
68,92,96,74,26,40
68,87,22,18,10,48
68,34,30,87,33,55
69,11,58,49,26,26
69,88,35,85,52,15
69,47,87,80,97,25
69,34,51,92,64,41
69,15,49,17,80,63
69,57,68,32,47,67
69,78,42,59,19,66
69,36,94,94,56,48
69,70,66,96,14,98
69,14,55,75,26,73
69,36,54,85,13,10
69,10,78,33,22,74
69,40,95,77,13,28
69,94,52,42,19,18
69,69,36,26,97,79
69,35,31,16,85,37
69,20,22,48,65,23
69,73,79,59,34,36
69,14,79,53,50,93
69,32,86,63,25,56
69,12,69,36,68,54
69,97,79,81,54,33
69,67,54,98,72,56
69,42,82,83,14,43
69,60,51,88,14,80
69,81,90,42,31,97
69,86,88,49,20,71
69,40,34,55,38,62
69,55,62,16,80,18
69,54,64,32,86,92
70,84,44,38,58,21
70,67,49,66,95,33
70,71,40,53,82,73
70,65,73,94,74,59
70,93,49,50,90,39
70,88,27,48,31,62
70,36,83,99,18,68
70,69,85,54,54,98
70,16,19,20,25,29
70,70,97,54,31,59
70,55,34,58,73,80
70,84,20,56,97,32
70,98,19,92,50,61
70,40,49,95,56,41
70,43,82,36,15,17
70,11,79,46,12,74
70,32,21,21,47,53
70,50,42,27,71,48
70,73,69,29,26,82
70,88,74,87,86,49
70,58,28,41,31,18
70,27,70,45,38,76
70,96,83,96,42,82
70,82,51,54,69,28
70,11,74,84,34,90
70,67,85,32,74,94
70,68,58,90,19,14
70,98,92,57,46,39
70,96,24,84,85,77
70,75,16,12,44,90
71,44,47,85,24,22
71,17,87,72,10,26
71,55,91,12,86,47
71,12,36,68,53,61
71,79,74,13,69,91
71,23,48,89,56,60
71,15,96,71,37,88
71,13,18,29,53,59
71,95,55,82,51,15
71,53,71,30,22,98
71,68,75,35,92,49
71,51,80,15,24,13
71,39,58,46,17,79
71,69,73,21,22,37
71,76,48,86,21,34
71,12,44,93,85,66
71,54,45,75,72,60
71,47,96,82,37,77
71,21,99,41,33,79
71,30,76,48,71,90
71,98,11,85,56,44
71,99,84,82,12,65
71,28,77,98,62,98
71,98,22,19,89,15
71,57,61,42,42,98
71,97,85,18,10,94
71,24,74,49,38,45
71,63,96,76,58,92
71,57,71,91,32,13
71,71,72,38,50,38
72,64,63,14,52,43
72,76,96,79,55,98
72,49,68,81,75,78
72,20,38,56,47,38
72,47,92,34,76,62
72,21,54,23,38,79
72,47,19,30,78,25
72,36,72,75,57,78
72,28,76,48,80,34
72,86,82,43,11,32
72,47,93,27,12,60
72,91,24,71,19,78
72,63,41,68,52,57
72,61,65,11,98,41
72,33,50,19,34,34
72,37,89,22,35,10
72,74,17,94,56,92
72,59,84,45,48,84
72,68,79,18,53,28
72,95,55,36,59,47
72,38,61,34,77,96
72,21,92,72,56,38
72,30,19,18,66,91
72,30,87,57,92,95
72,99,80,62,49,26
72,46,55,17,10,46
72,26,42,60,83,63
72,13,51,37,22,43
72,42,18,22,43,54
72,32,97,98,82,96
73,93,40,45,83,17
73,30,89,14,21,92
73,67,81,25,58,84
73,50,63,66,84,62
73,57,33,94,99,55
73,18,94,92,45,62
73,97,13,68,52,25
73,36,46,16,59,33
73,52,60,88,28,30
73,93,32,36,58,28
73,64,69,47,33,45
73,20,37,15,29,92
73,71,86,60,96,99
73,49,54,53,45,50
73,44,36,52,61,61
73,68,30,72,73,80
73,12,15,96,38,38
73,81,89,82,32,73
73,66,71,39,94,56
73,65,83,10,45,58
73,78,84,97,17,99
73,73,40,50,44,47
73,58,41,68,99,60
73,64,74,47,71,56
73,96,46,38,39,32
73,41,86,94,19,63
73,92,39,28,47,40
73,55,55,27,84,47
73,49,99,12,49,47
73,60,70,47,58,19
74,30,62,67,76,38
74,79,89,54,60,35
74,88,29,14,82,77
74,50,66,83,67,79
74,22,96,19,71,69
74,15,14,41,84,17
74,47,93,74,66,96
74,35,89,20,40,68
74,32,57,76,36,62
74,15,36,55,62,98
74,32,36,15,17,85
74,38,85,82,12,51
74,74,63,95,13,12
74,84,63,71,93,85
74,97,94,37,56,27
74,59,66,99,43,91
74,34,35,81,94,66
74,10,26,35,41,80
74,73,23,29,10,82
74,84,12,32,87,55
74,46,16,30,81,18
74,83,66,35,86,56
74,77,77,79,23,54
74,16,70,91,49,60
74,94,65,80,18,71
74,76,83,80,32,47
74,18,21,55,22,19
74,55,40,71,54,26
74,80,72,67,35,21
74,12,39,52,91,17
75,52,92,65,24,62
75,49,80,36,69,57
75,96,64,16,76,94
75,97,35,51,68,40
75,15,37,75,25,14
75,26,74,57,32,25
75,76,23,44,46,42
75,37,52,41,15,44
75,22,22,13,85,63
75,43,66,27,79,30
75,47,39,95,51,95
75,59,48,52,72,53
75,95,43,31,39,33
75,48,23,84,38,15
75,89,33,16,33,11
75,41,53,49,23,25
75,97,34,67,43,50
75,17,64,53,23,87
75,16,45,27,81,77
75,22,71,79,94,13
75,42,38,43,27,26
75,53,24,99,78,86
75,91,57,13,99,86
75,26,18,42,69,82
75,62,28,10,50,52
75,46,27,78,55,20
75,67,80,99,93,52
75,96,70,44,24,37
75,36,49,36,92,78
75,41,14,91,50,48
76,84,17,84,57,10
76,92,77,10,87,84
76,21,55,72,47,98
76,70,63,30,39,99
76,94,66,36,87,14
76,46,38,97,84,14
76,17,96,71,76,84
76,41,61,81,97,97
76,77,14,71,78,96
76,99,98,30,37,88
76,25,77,12,57,65
76,84,95,38,64,61
76,89,96,94,79,81
76,90,62,54,14,23
76,59,96,87,39,66
76,46,44,26,55,17
76,67,31,48,61,18
76,58,87,16,39,11
76,22,82,32,38,24
76,88,55,17,23,56
76,48,19,58,36,75
76,41,76,46,46,49
76,92,75,67,86,51
76,69,69,85,39,34
76,25,36,19,25,46
76,73,81,67,65,37
76,52,61,60,78,16
76,78,66,71,48,38
76,30,41,50,46,97
76,28,35,31,12,46
77,25,10,94,67,40
77,72,69,55,52,82
77,16,83,44,90,15
77,19,27,82,36,26
77,89,67,38,10,68
77,82,48,91,91,72
77,26,72,68,69,10
77,52,14,27,16,91
77,93,95,23,88,73
77,45,63,48,78,35
77,91,61,60,50,16
77,65,43,58,41,92
77,89,40,56,43,30
77,71,83,81,29,22
77,62,34,14,64,67
77,63,91,91,21,55
77,71,71,88,45,58
77,75,63,56,69,72
77,70,49,82,62,67
77,33,41,37,68,26
77,53,23,78,65,64
77,20,80,68,89,38
77,86,75,62,39,79
77,72,94,69,11,55
77,51,20,83,86,73
77,68,39,42,21,15
77,19,26,94,54,63
77,31,16,23,62,30
77,19,23,31,80,17
77,84,35,55,26,24
78,56,12,32,31,34
78,33,38,88,45,53
78,46,79,81,51,98
78,43,72,77,71,37
78,72,71,38,24,16
78,93,69,90,75,65
78,70,63,17,97,91
78,99,16,56,48,25
78,23,33,75,34,51
78,31,80,91,73,65
78,25,66,70,39,99
78,82,61,85,63,34
78,43,74,20,69,41
78,38,31,34,96,66
78,95,56,79,58,30
78,60,82,19,30,24
78,54,78,21,96,46
78,53,85,12,55,64
78,88,17,12,57,88
78,96,58,84,13,97
78,87,12,86,47,97
78,69,37,44,74,28
78,37,22,89,39,46
78,51,48,40,11,74
78,59,12,85,51,29
78,24,51,21,50,80
78,26,70,60,68,63
78,63,76,65,98,40
78,41,66,64,80,28
78,39,79,64,30,72
79,42,53,50,48,65
79,77,74,19,41,72
79,73,65,64,12,93
79,42,29,18,82,24
79,57,22,23,77,90
79,11,59,85,63,97
79,34,35,58,96,37
79,27,64,53,19,93
79,63,44,99,45,84
79,89,60,49,21,81
79,59,45,83,65,23
79,70,33,54,14,74
79,86,57,35,88,33
79,20,64,97,15,75
79,56,80,36,49,91
79,79,63,17,67,15
79,25,84,40,43,90
79,12,76,29,65,56
79,41,71,88,91,22
79,65,76,67,83,81
79,48,51,35,46,44
79,62,23,93,44,73
79,56,99,65,35,75
79,57,48,29,90,80
79,85,62,57,41,32
79,32,80,69,55,30
79,73,50,10,23,47
79,82,86,70,86,37
79,50,84,54,29,90
79,74,79,52,94,43
80,33,63,71,59,24
80,44,99,78,48,65
80,70,75,79,99,48
80,13,82,46,49,81
80,27,31,60,72,40
80,93,85,39,76,49
80,99,50,44,18,69
80,83,68,53,46,79
80,91,94,74,65,26
80,51,47,94,81,87
80,11,87,73,72,88
80,41,55,93,22,38
80,14,21,18,99,34
80,25,50,31,65,85
80,84,64,38,17,47
80,72,70,14,69,25
80,70,60,68,40,24
80,96,22,61,52,31
80,30,36,49,40,63
80,82,50,17,40,12
80,79,31,88,43,15
80,21,11,48,88,61
80,80,63,69,23,79
80,50,35,14,93,62
80,93,58,45,78,82
80,94,76,12,12,80
80,52,99,18,28,60
80,39,55,62,77,39
80,76,30,62,22,65
80,14,60,65,48,91
81,89,49,56,18,92
81,88,47,26,86,17
81,24,30,24,96,72
81,51,30,39,84,28
81,56,67,90,79,82
81,41,22,38,70,82
81,73,15,54,50,29
81,25,88,67,51,52
81,97,39,22,78,91
81,98,73,98,19,60
81,55,29,25,90,74
81,41,15,31,17,32
81,48,49,77,84,17
81,27,55,14,98,67
81,58,16,88,30,18
81,81,66,12,85,76
81,59,67,20,71,49
81,75,47,64,86,12
81,45,60,32,85,11
81,85,50,44,86,85
81,77,92,27,60,99
81,65,98,46,44,80
81,30,96,81,90,29
81,22,15,93,77,10
81,78,36,77,36,63
81,78,41,36,21,16
81,64,99,33,49,65
81,91,47,67,49,91
81,43,18,45,49,30
81,16,76,76,33,37
82,92,35,31,26,60
82,85,72,72,83,25
82,79,63,64,58,57
82,42,78,49,85,76
82,91,92,57,47,17
82,93,73,53,56,33
82,53,62,74,68,25
82,54,93,48,66,74
82,76,74,12,55,16
82,90,60,54,12,26
82,97,72,30,30,91
82,96,69,25,39,14
82,78,53,12,41,84
82,75,84,48,54,12
82,91,19,62,83,96
82,25,55,64,98,49
82,62,34,92,85,27
82,53,23,63,67,48
82,15,19,77,26,19
82,53,70,88,33,43
82,28,80,94,60,20
82,51,41,94,20,43
82,96,78,78,92,69
82,48,89,73,92,97
82,72,62,98,11,57
82,90,90,56,24,62
82,22,41,36,63,11
82,32,56,92,77,65
82,35,57,52,78,11
82,22,18,64,63,11
83,70,11,41,39,28
83,78,99,80,16,46
83,22,78,15,25,49
83,67,89,65,57,80
83,47,57,41,15,69
83,59,80,52,74,76
83,96,43,15,77,53
83,63,54,57,36,72
83,47,34,48,32,30
83,15,42,53,66,82
83,51,81,37,41,81
83,49,83,66,53,86
83,90,98,13,40,72
83,80,83,45,69,30
83,72,23,16,83,77
83,54,99,51,14,95
83,97,60,14,57,86
83,28,25,96,14,16
83,31,16,32,50,93
83,49,94,45,77,65
83,82,15,29,78,95
83,22,11,89,47,60
83,32,63,34,85,64
83,66,59,63,98,98
83,94,94,97,80,76
83,58,80,86,93,59
83,45,34,75,59,88
83,87,84,45,31,97
83,97,87,87,80,56
83,91,16,99,54,97
84,79,76,57,52,10
84,43,10,79,88,83
84,89,87,96,64,19
84,23,85,44,74,88
84,21,10,13,34,48
84,58,38,28,93,94
84,41,90,48,41,96
84,25,23,26,25,65
84,90,66,47,60,41
84,89,36,76,71,11
84,24,42,18,50,42
84,14,21,96,94,21
84,33,57,90,87,82
84,99,99,77,29,30
84,26,38,66,22,54
84,97,89,13,34,51
84,13,77,73,51,76
84,37,33,95,99,64
84,81,77,60,87,15
84,52,88,91,73,76
84,66,58,91,19,50
84,29,77,68,49,60
84,20,12,72,32,63
84,44,71,11,67,23
84,42,52,63,18,10
84,53,51,44,55,51
84,71,95,73,38,13
84,40,35,27,78,60
84,77,93,22,93,28
84,97,79,31,63,33
85,36,71,21,43,53
85,68,67,90,30,34
85,26,84,97,82,96
85,91,10,31,92,89
85,71,88,99,21,53
85,60,38,80,49,67
85,82,36,87,11,87
85,79,90,26,28,66
85,29,35,68,59,11
85,69,23,82,68,94
85,10,24,64,93,71
85,60,22,98,25,61
85,17,28,15,23,82
85,45,94,30,85,23
85,74,44,31,76,57
85,11,22,34,38,86
85,62,39,97,47,12
85,12,40,51,33,99
85,24,99,18,61,99
85,26,74,62,66,57
85,36,29,88,14,76
85,79,51,24,78,27
85,91,60,30,44,53
85,89,53,37,98,42
85,89,88,23,86,15
85,97,94,47,75,33
85,29,77,88,32,59
85,47,16,34,63,60
85,84,73,69,71,89
85,62,37,97,27,19
86,29,47,95,12,70
86,22,43,70,94,65
86,94,96,21,49,67
86,31,43,25,62,12
86,50,52,23,83,31
86,93,66,62,86,91
86,97,47,55,79,15
86,24,15,16,67,13
86,52,16,49,12,87
86,86,24,22,67,86
86,41,71,86,45,70
86,11,83,28,93,15
86,92,85,50,33,35
86,46,90,47,11,71
86,12,98,26,37,25
86,73,94,44,28,50
86,55,68,49,34,33
86,25,96,52,37,74
86,80,55,67,89,92
86,87,29,58,27,20
86,46,60,39,42,46
86,90,78,72,91,83
86,25,71,94,76,60
86,42,49,17,72,51
86,91,26,91,12,22
86,53,24,48,24,90
86,24,81,73,39,36
86,24,21,19,56,38
86,51,26,10,74,89
86,46,98,14,76,74
87,52,57,52,24,20
87,99,32,80,12,99
87,21,98,36,48,19
87,76,89,87,17,98
87,57,50,28,41,15
87,97,87,19,81,94
87,14,75,16,53,17
87,70,40,33,13,51
87,21,19,85,67,71
87,80,92,75,31,66
87,42,80,28,65,85
87,64,93,82,65,23
87,51,55,32,14,61
87,88,31,64,29,13
87,87,13,10,86,52
87,93,41,68,23,72
87,18,77,53,49,32
87,28,59,30,50,32
87,22,88,49,14,68
87,35,65,75,24,84
87,46,76,20,24,29
87,11,71,88,49,63
87,10,77,83,29,85
87,49,18,42,65,53
87,97,94,89,35,26
87,63,11,74,85,40
87,63,25,11,32,89
87,32,57,96,18,96
87,15,76,66,80,86
87,72,16,15,30,61
88,46,57,17,36,56
88,82,19,48,31,82
88,15,19,55,81,48
88,93,87,10,13,25
88,11,52,70,87,90
88,54,25,81,28,62
88,87,83,99,47,10
88,52,83,16,75,87
88,67,71,44,25,50
88,59,44,49,43,67
88,54,87,10,72,96
88,21,77,31,76,67
88,90,21,24,96,55
88,27,54,47,89,82
88,19,55,30,67,34
88,14,39,12,12,92
88,89,23,56,62,62
88,88,98,73,68,79
88,33,17,64,65,39
88,31,49,32,73,19
88,19,83,18,89,44
88,60,77,28,94,61
88,38,23,44,48,83
88,66,20,67,19,11
88,48,22,77,54,52
88,12,59,53,50,78
88,15,40,16,65,89
88,82,76,92,20,33
88,95,97,32,34,22
88,84,85,42,16,96
89,62,11,42,69,97
89,66,98,32,12,47
89,39,71,51,99,21
89,77,46,88,33,73
89,36,38,76,45,72
89,91,58,92,31,27
89,88,59,12,31,30
89,40,89,68,74,75
89,36,67,22,42,89
89,51,43,84,33,51
89,18,59,48,89,67
89,25,89,95,32,28
89,15,57,40,75,43
89,71,58,63,17,56
89,96,76,29,86,68
89,93,15,85,36,10
89,54,39,19,42,53
89,54,92,86,20,23
89,91,42,24,68,78
89,52,51,15,10,81
89,91,33,36,54,75
89,66,91,63,32,64
89,86,52,46,37,11
89,32,56,74,68,10
89,94,82,68,79,61
89,93,64,81,26,82
89,85,82,17,70,36
89,27,99,97,33,56
89,67,30,73,52,13
89,99,73,77,36,17
90,45,80,69,44,59
90,12,44,56,91,89
90,21,54,23,77,57
90,90,35,95,26,94
90,86,23,86,96,22
90,63,66,93,25,97
90,42,18,88,31,87
90,27,93,63,70,94
90,28,12,71,16,19
90,71,18,99,14,99
90,21,75,74,97,60
90,47,30,16,77,86
90,55,93,25,10,17
90,12,38,29,39,86
90,88,42,40,44,48
90,80,91,68,22,24
90,84,66,54,27,67
90,73,24,97,33,34
90,91,22,46,31,65
90,79,29,51,56,11
90,51,75,29,66,71
90,78,61,29,70,55
90,81,42,62,37,74
90,51,39,88,38,47
90,78,22,59,49,66
90,89,64,19,23,88
90,13,91,24,76,29
90,72,11,43,95,81
90,36,26,57,58,15
90,21,60,21,42,30
91,52,91,77,80,89
91,37,78,16,97,24
91,48,62,83,68,90
91,14,69,69,29,19
91,43,67,53,55,15
91,18,28,50,82,63
91,27,59,26,30,78
91,72,55,96,14,49
91,62,39,70,15,13
91,13,36,82,71,71
91,29,20,44,74,70
91,45,69,42,78,98
91,49,61,56,70,77
91,88,25,43,49,97
91,94,13,32,30,56
91,24,49,23,95,87
91,26,73,18,75,54
91,84,80,11,86,51
91,57,87,16,95,29
91,19,35,13,87,98
91,67,11,50,68,98
91,57,33,33,14,54
91,54,77,22,96,97
91,70,72,36,69,40
91,61,90,21,77,89
91,67,20,83,56,10
91,24,15,55,50,69
91,10,48,70,91,47
91,55,84,61,37,55
91,40,34,71,23,83
92,78,95,51,59,60
92,92,50,55,48,20
92,74,28,47,91,60
92,33,94,82,12,77
92,34,25,12,99,77
92,50,46,54,86,41
92,73,85,12,41,27
92,54,10,69,78,59
92,53,12,57,71,28
92,60,84,62,98,33
92,45,82,58,25,70
92,60,47,77,11,44
92,30,79,99,60,67
92,52,89,83,98,14
92,65,79,91,21,15
92,13,17,69,52,87
92,62,24,62,95,53
92,74,43,69,45,74
92,90,95,65,48,69
92,19,20,29,35,21
92,89,59,68,89,16
92,99,13,32,63,54
92,48,88,97,42,54
92,95,45,75,95,68
92,73,12,96,36,70
92,12,39,35,52,75
92,37,86,81,24,21
92,93,21,61,16,97
92,55,68,68,87,61
92,48,83,48,69,33
93,96,37,53,43,87
93,19,57,34,50,81
93,51,79,72,39,80
93,40,25,68,50,31
93,78,86,73,89,10
93,74,64,59,62,21
93,23,66,61,92,30
93,71,30,27,22,25
93,24,55,46,97,16
93,10,22,40,24,65
93,41,51,45,62,80
93,32,11,74,94,28
93,97,68,57,17,96
93,83,43,28,78,77
93,85,66,21,38,57
93,11,22,92,83,85
93,47,13,97,98,71
93,86,27,48,15,74
93,95,83,49,62,93
93,24,62,37,69,34
93,56,36,13,17,82
93,50,48,55,86,61
93,42,55,33,67,94
93,31,52,67,48,86
93,87,50,20,70,35
93,93,89,17,90,98
93,53,56,85,41,25
93,88,69,52,11,41
93,91,87,87,82,14
93,47,16,33,49,41
94,43,43,53,74,72
94,35,78,19,70,56
94,88,97,24,74,42
94,66,82,32,92,71
94,19,42,59,55,49
94,27,52,51,39,92
94,86,50,38,19,25
94,80,46,43,92,65
94,87,57,61,82,97
94,98,81,79,23,63
94,38,53,73,83,51
94,69,75,95,74,77
94,48,41,81,46,96
94,51,24,38,38,95
94,52,10,73,70,96
94,60,43,45,73,62
94,19,11,86,91,40
94,28,29,74,15,41
94,64,15,52,87,18
94,55,83,34,98,36
94,97,51,37,72,39
94,24,15,22,10,92
94,65,52,95,52,44
94,25,24,72,91,58
94,31,95,43,33,76
94,85,97,47,19,96
94,84,34,54,36,12
94,42,94,85,85,48
94,58,11,46,71,54
94,44,51,81,39,93
95,46,69,88,17,34
95,98,68,83,56,22
95,30,35,35,20,88
95,81,86,72,58,77
95,52,55,50,73,45
95,34,14,56,71,86
95,56,59,32,21,38
95,76,99,30,39,82
95,38,38,52,39,85
95,28,61,30,11,23
95,55,94,61,74,57
95,63,29,22,55,15
95,73,31,32,68,23
95,59,42,66,51,79
95,52,70,35,72,57
95,51,21,10,60,24
95,61,70,70,12,70
95,49,97,91,47,99
95,72,55,85,92,97
95,53,80,45,18,67
95,36,78,11,87,56
95,35,52,63,41,33
95,72,30,32,98,12
95,73,51,18,33,24
95,80,86,52,82,30
95,49,50,43,73,60
95,75,68,67,15,51
95,12,41,10,45,43
95,86,47,34,37,88
95,47,62,67,49,64
96,62,81,61,39,73
96,38,90,74,89,63
96,69,14,65,97,86
96,79,59,92,75,67
96,57,41,41,91,76
96,90,10,38,16,73
96,45,66,15,56,33
96,16,10,91,55,67
96,93,74,41,65,22
96,84,61,67,60,16
96,54,22,40,62,77
96,94,58,43,58,74
96,45,73,85,98,99
96,65,80,59,87,50
96,79,76,64,51,26
96,80,92,61,13,32
96,22,39,41,12,49
96,89,42,53,59,97
96,54,85,26,43,55
96,91,14,11,32,82
96,81,79,89,27,58
96,10,16,78,75,60
96,36,71,25,95,57
96,38,68,15,16,93
96,41,49,59,38,56
96,83,13,25,58,23
96,29,51,89,70,78
96,65,80,72,12,64
96,73,65,98,89,52
96,16,76,43,92,38
97,19,88,99,83,64
97,94,66,59,99,32
97,25,32,37,33,14
97,51,19,74,16,79
97,95,60,99,43,89
97,56,84,92,77,26
97,37,36,25,38,76
97,34,75,92,63,29
97,81,74,55,13,99
97,53,13,77,22,95
97,88,53,90,63,42
97,88,92,71,69,21
97,44,87,31,29,28
97,30,19,26,91,83
97,41,97,39,63,37
97,89,30,95,74,11
97,81,82,60,48,13
97,55,78,16,13,68
97,62,29,48,20,30
97,58,58,96,23,90
97,71,80,46,54,56
97,70,98,14,51,65
97,81,64,68,53,29
97,40,90,54,36,72
97,41,36,80,50,23
97,24,30,43,92,98
97,69,64,76,17,84
97,97,74,34,10,38
97,96,62,83,86,16
97,75,31,97,33,75
98,54,71,84,50,25
98,31,40,28,25,59
98,86,64,32,23,79
98,36,19,11,10,93
98,18,20,65,20,14
98,21,94,43,76,89
98,97,28,67,57,41
98,71,91,55,92,43
98,93,75,20,15,50
98,83,79,50,44,14
98,55,15,21,71,50
98,97,51,80,18,45
98,43,71,60,62,50
98,57,49,32,66,60
98,34,99,36,18,56
98,19,49,53,21,38
98,56,82,88,76,44
98,24,17,87,39,96
98,18,53,97,33,34
98,52,68,66,91,81
98,50,13,24,57,35
98,59,31,42,15,56
98,24,10,65,57,93
98,55,99,39,95,16
98,52,41,27,60,68
98,77,24,21,40,25
98,26,36,67,42,33
98,75,76,37,53,30
98,52,13,43,75,36
98,98,49,25,96,58
99,31,96,91,22,16
99,30,42,91,63,58
99,67,28,21,50,49
99,51,74,63,50,48
99,34,78,78,91,81
99,28,61,64,71,46
99,49,82,79,57,18
99,65,85,67,49,88
99,12,82,96,72,41
99,75,75,90,42,80
99,97,40,46,24,20
99,47,22,30,39,40
99,49,90,26,24,44
99,97,85,83,97,38
99,24,45,99,66,64
99,47,36,91,72,15
99,47,52,65,47,95
99,72,39,15,30,57
99,34,75,73,54,97
99,84,55,69,91,98
99,46,29,79,45,40
99,83,90,41,15,49
99,41,64,80,68,97
99,83,80,56,36,50
99,53,34,40,94,17
99,96,53,29,61,16
99,58,33,86,47,80
99,72,16,45,21,26
99,72,79,63,39,20
99,84,72,96,58,95
100,93,35,92,88,34
100,81,49,63,81,99
100,75,16,68,93,21
100,34,77,91,46,36
100,68,65,89,69,52
100,59,60,88,79,82
100,35,66,38,80,73
100,48,12,94,57,78
100,69,57,22,89,54
100,77,68,41,70,30
100,74,62,39,64,97
100,16,69,17,65,50
100,53,77,11,92,41
100,22,68,98,71,12
100,62,85,40,90,33
100,46,16,57,16,68
100,47,95,23,35,31
100,15,48,90,45,99
100,80,46,53,47,86
100,33,28,98,92,65
100,36,96,59,38,61
100,95,97,60,64,47
100,64,53,77,43,40
100,31,98,92,92,46
100,86,58,91,10,68
100,11,69,62,92,64
100,36,10,14,51,82
100,14,66,93,49,27
100,67,26,64,20,90
100,26,98,36,62,58
